3,T,V,X,t,A,s,R,1,I,n,u,m,w,j,4,7,2,S,9,r,4
4,q,3,e,w,B,C,X,7,s,L,w,d,2,4,e,u,u,V,6,9,X
6,e,U,K,Z,X,a,K,k,c,v,i,H,0,K,u,9,w,2,n,3,V
1,X,y,o,4,u,8,u,X,C,1,Z,m,M,p,a,t,F,0,5,P,J
0,6,H,L,4,z,0,C,v,F,A,x,y,c,2,7,G,X,p,f,0,2
1,u,N,F,o,Z,A,H,B,G,t,l,l,m,z,z,n,p,C,I,3,s
6,6,C,X,W,j,x,z,N,U,s,d,J,x,J,2,J,d,w,v,n,R
7,d,G,J,o,4,p,c,D,2,V,6,o,G,8,k,P,0,t,J,R,R
2,4,6,d,k,j,v,S,1,z,L,T,t,i,y,k,X,e,5,h,6,0
3,N,r,f,p,e,0,t,U,J,i,4,K,4,D,X,Y,W,g,M,U,X
1,v,y,h,D,5,V,m,y,Z,7,K,M,f,W,5,g,q,L,g,o,5
5,K,4,W,6,r,q,B,F,W,D,n,A,N,6,F,Q,U,k,S,6,x
6,q,q,N,V,T,k,Y,8,u,B,g,9,c,P,3,J,d,7,D,A,H
4,M,C,B,f,E,4,5,9,6,U,o,i,2,O,4,D,t,m,E,M,z
4,g,z,p,q,5,D,P,G,x,S,n,K,T,e,4,S,A,8,H,A,U
6,M,2,w,Z,9,G,Z,g,r,Q,X,H,C,F,f,j,v,4,6,w,e
5,3,X,h,w,f,b,Y,q,K,C,a,1,c,C,1,5,p,Y,q,2,q
1,i,8,S,p,T,c,r,7,y,v,P,O,m,c,q,r,b,n,V,X,Y
6,L,u,N,9,F,C,k,K,O,j,5,P,c,n,p,o,u,E,g,n,y
5,p,K,C,C,K,E,2,a,j,J,H,Z,9,K,A,i,a,K,1,1,H
0,4,g,D,i,g,r,S,5,k,c,9,Y,W,f,Z,H,w,B,E,T,P
0,Y,5,t,J,X,1,M,Q,l,P,l,q,i,w,l,O,H,1,t,J,Y
1,C,s,0,z,K,B,U,1,k,c,0,i,8,y,p,K,3,B,9,a,i
7,n,2,w,H,s,1,T,K,A,c,z,G,z,O,7,D,d,2,r,G,r
0,d,u,5,c,E,V,h,5,y,T,K,9,Q,J,z,e,8,z,A,0,C
4,V,M,Y,D,C,V,2,I,E,D,Y,J,A,r,k,7,4,9,S,6,m
7,C,a,j,N,m,p,b,O,o,v,F,o,O,o,a,s,H,2,H,a,Y
2,Y,Z,y,L,o,L,8,N,0,W,b,9,x,B,t,1,N,h,Z,W,g
2,w,Y,7,9,s,v,e,U,1,s,p,5,g,7,S,o,k,K,O,i,I
6,v,W,D,O,9,6,9,P,v,N,q,N,Y,H,I,O,W,5,v,0,m
1,R,y,v,y,y,T,E,3,x,z,B,2,Z,y,w,i,A,w,p,0,i
4,A,K,6,F,7,O,L,v,E,Q,5,Q,Y,C,B,N,i,Q,W,H,q
6,9,G,G,B,x,A,1,6,2,l,T,q,C,w,z,J,G,5,j,L,p
1,H,Y,2,J,d,0,N,m,P,u,a,m,S,h,A,r,6,K,M,m,s
6,l,3,H,v,Q,5,s,a,6,m,X,T,s,M,T,B,1,9,r,O,5
0,h,C,N,t,L,u,0,J,e,h,y,l,g,o,i,P,8,L,4,G,h
2,R,2,1,v,X,R,8,3,l,H,9,8,k,G,e,O,9,9,Y,6,6
4,d,p,A,R,u,H,x,o,5,1,G,3,z,7,6,8,s,g,n,r,Y
2,6,V,F,T,g,2,z,8,Y,R,0,c,C,u,w,L,z,E,S,i,2
0,C,8,Z,W,7,e,z,Q,V,s,4,U,R,X,5,a,X,7,K,q,x
6,K,I,m,C,V,D,7,0,v,t,I,o,J,W,n,q,6,n,G,n,3
5,W,U,l,D,f,R,S,o,L,A,f,c,V,S,X,1,W,n,r,x,N
7,b,X,g,B,6,j,M,j,p,9,A,T,F,y,6,6,e,O,0,8,Z
1,r,4,h,J,1,h,5,8,C,W,w,U,Q,e,3,M,x,P,u,a,u
6,4,K,E,f,f,D,W,9,E,t,Z,1,y,2,v,B,Y,g,q,8,T
6,X,y,Y,8,6,Q,O,P,P,r,Y,V,G,v,F,9,c,h,6,w,z
4,O,1,5,N,l,y,K,L,I,A,S,x,s,J,0,P,r,X,P,f,z
3,Y,Q,K,m,K,G,a,u,1,P,z,l,V,l,k,L,1,i,o,d,x
6,j,J,0,s,8,9,e,D,6,G,a,H,l,e,K,K,y,a,2,6,X
0,0,F,Q,b,4,j,T,y,e,n,d,Y,W,a,N,8,p,K,0,w,a
1,m,c,T,U,8,1,T,z,Q,h,p,r,h,o,u,K,a,T,k,p,q
2,3,f,q,K,k,g,g,K,U,B,H,N,k,b,K,t,X,E,l,s,4
1,v,C,W,H,a,C,5,f,2,u,S,3,y,h,p,w,W,b,I,A,6
5,c,j,0,l,L,j,c,o,R,7,Y,O,S,n,h,n,X,0,P,o,5
3,2,9,e,4,y,v,I,u,j,I,S,K,G,K,z,1,B,Z,Z,b,O
4,n,D,o,R,r,Q,i,Y,L,o,B,z,w,C,5,B,h,V,J,z,F
7,L,n,8,0,l,U,S,6,H,e,0,7,X,v,H,I,8,q,q,H,H
7,9,0,F,o,m,K,k,X,s,h,l,b,R,Y,Z,F,t,l,g,l,a
0,7,Y,Z,f,4,W,D,A,M,N,w,q,r,4,j,f,g,O,Z,8,y
0,L,8,E,x,T,0,2,8,j,H,3,d,d,E,c,Z,w,q,J,J,5
0,E,m,e,F,o,d,o,g,0,B,f,C,g,M,z,A,I,v,K,Q,p
6,S,2,O,m,q,A,R,r,z,e,b,s,0,t,K,U,E,y,X,y,p
5,P,w,c,4,x,I,P,t,Q,L,F,E,n,J,r,i,a,h,9,Y,J
5,Y,G,Y,8,f,e,q,x,7,n,a,U,7,z,4,H,r,w,Z,M,6
1,S,u,p,J,l,E,p,v,7,R,S,2,t,P,N,R,a,H,V,i,T
3,f,M,b,d,g,g,4,j,U,1,8,A,j,L,C,K,B,h,R,S,m
7,i,K,8,P,X,O,4,8,W,e,u,P,0,3,g,8,Y,R,5,1,W
6,V,u,M,a,D,n,r,H,y,P,L,1,p,4,E,H,j,Y,L,i,7
0,T,n,O,Y,I,S,b,d,1,X,Y,R,B,k,9,m,y,a,s,e,g
5,f,7,V,J,j,f,b,w,m,5,3,2,G,i,v,e,G,C,0,Z,K
1,U,R,n,n,h,q,Y,A,Y,c,r,q,r,c,w,q,l,1,0,f,t
4,r,6,3,F,h,u,T,k,U,Y,l,t,b,V,A,g,5,T,Q,n,k
4,L,L,p,K,h,y,E,S,s,y,A,X,p,c,4,l,a,K,9,4,U
6,0,d,2,4,w,f,X,k,V,z,D,S,f,L,S,6,h,y,C,j,Z
0,e,D,v,M,g,V,F,o,N,V,3,T,p,w,t,r,V,C,o,T,j
0,7,Y,U,O,m,W,l,j,B,T,X,w,I,s,e,A,U,d,9,T,W
4,k,Y,S,r,o,6,n,a,A,4,h,9,9,U,J,v,o,8,9,H,B
2,0,J,Z,F,w,l,6,H,V,l,6,y,g,8,a,4,H,3,Z,q,K
5,5,A,a,2,c,q,y,l,x,r,F,I,X,C,7,6,7,Z,8,6,5
2,y,e,2,W,g,w,4,g,i,m,L,v,2,e,A,K,y,k,1,N,B
7,7,z,i,q,F,x,p,5,g,a,I,n,V,r,F,2,l,j,4,h,t
7,j,V,v,8,c,5,F,j,3,E,9,V,h,N,j,x,T,4,s,n,q
0,X,2,B,H,1,f,c,k,6,a,m,B,I,o,J,h,D,V,m,m,J
5,0,c,o,4,I,s,1,H,C,E,o,8,b,h,O,y,U,W,K,p,n
0,2,k,J,S,z,x,N,u,a,W,G,q,w,u,b,y,U,b,a,0,Z
7,v,k,5,e,3,v,Y,1,u,w,9,p,l,T,H,J,A,M,w,j,N
2,k,C,c,B,y,b,j,l,3,S,A,t,I,c,w,d,W,p,U,e,3
7,3,8,w,L,r,A,t,L,t,C,t,F,O,L,v,Q,B,X,O,X,p
1,3,7,W,8,M,R,P,W,K,q,S,m,r,B,G,D,B,F,S,o,p
3,P,h,o,L,p,V,u,I,T,Z,K,c,y,m,s,w,p,c,k,5,b
4,U,X,q,A,a,a,6,d,Q,Y,A,k,1,8,L,v,7,P,E,g,X
7,1,1,M,C,c,e,y,C,B,c,F,n,z,j,G,Y,4,Q,7,U,n
1,K,C,S,P,Y,1,g,l,I,K,q,W,2,T,o,t,W,u,X,O,R
5,L,H,R,H,t,1,k,9,l,M,y,O,N,u,r,D,H,E,d,r,p
0,h,E,u,r,M,D,Q,u,9,9,n,J,R,q,8,p,T,x,O,1,4
6,X,g,p,2,X,M,z,1,f,h,V,Y,e,7,i,6,y,N,A,a,x
6,o,M,u,I,m,d,p,5,Z,c,F,h,W,P,0,E,S,e,6,m,G
4,x,R,Y,I,6,V,q,p,k,E,3,U,w,r,D,r,A,Z,L,8,L
4,I,W,B,U,U,A,F,I,p,l,r,N,t,a,O,H,c,J,P,R,M
3,e,7,a,w,l,r,l,D,S,w,F,3,i,M,0,W,B,j,G,M,p
5,4,0,v,I,a,P,2,J,w,j,Q,b,9,d,m,3,a,A,r,A,4
4,V,8,L,L,V,I,7,P,b,a,P,R,0,K,2,T,G,S,x,F,F
5,J,Z,7,C,n,R,6,g,T,v,E,M,K,X,4,g,7,0,A,m,v
7,w,l,F,D,E,W,i,M,5,O,o,I,A,t,8,R,S,l,i,8,b
5,f,M,U,X,H,k,w,8,R,8,e,O,P,2,R,N,V,Y,E,Z,X
4,6,S,H,B,w,W,s,q,B,k,x,I,7,E,e,e,B,E,Q,G,7
3,J,h,N,C,z,h,S,M,T,x,s,9,W,L,G,J,J,x,W,O,Y
1,3,u,b,r,t,8,Q,O,O,C,P,l,j,Q,2,F,L,1,K,c,a
5,R,l,1,5,o,V,a,m,L,q,7,F,b,S,b,0,N,N,B,N,y
2,o,5,j,D,h,t,H,V,P,h,r,J,d,v,3,c,E,Q,9,9,Z
3,1,W,5,E,Y,0,a,A,l,y,4,Q,i,e,q,6,O,F,u,6,I
4,1,M,o,z,S,o,P,I,s,D,1,d,J,M,0,C,L,P,j,Z,F
2,q,x,J,F,v,F,Y,M,E,D,q,d,7,u,i,6,k,S,A,c,q
5,l,w,m,R,u,X,g,j,X,8,x,I,w,l,n,a,u,T,Z,I,P
6,o,l,E,6,T,J,L,q,E,D,3,r,q,D,C,T,0,F,y,P,h
7,t,Y,K,F,4,w,9,n,C,0,n,q,9,C,s,P,Z,T,H,y,P
3,t,5,x,R,X,z,s,u,Z,m,M,D,k,Q,z,g,O,X,3,5,S
2,Q,s,y,n,a,g,S,d,A,q,Z,j,3,U,9,H,g,D,z,j,D
3,1,T,P,C,l,R,t,H,m,2,3,R,i,s,E,B,t,V,3,X,7
6,T,I,Y,Q,3,j,F,P,w,Q,S,R,m,o,r,S,e,z,P,x,X
7,7,S,W,9,B,n,x,L,Y,8,r,J,0,R,c,i,F,q,k,H,h
2,c,F,r,y,m,m,k,i,j,n,j,D,g,9,S,S,9,2,E,P,M
1,y,x,S,L,G,M,D,H,l,W,2,1,z,4,Y,X,i,r,Z,D,S
6,M,D,M,E,2,0,p,z,9,R,v,e,H,9,r,E,X,v,r,O,M
1,z,N,q,D,E,7,q,D,G,C,s,y,z,J,w,o,h,V,a,o,X
3,n,F,k,d,l,S,j,z,X,9,m,R,T,t,w,J,O,z,D,Y,B
7,F,N,n,A,9,v,B,m,6,E,K,c,e,E,N,g,C,G,R,M,b
0,8,G,Q,A,I,4,e,E,l,D,n,R,O,B,r,J,R,G,E,0,X
6,4,M,6,a,h,0,S,k,k,R,s,n,P,G,t,G,i,R,A,b,b
1,X,y,l,c,3,o,4,U,r,D,5,3,l,o,9,C,v,F,v,V,g
0,k,1,7,h,0,D,3,J,5,V,f,s,d,m,Q,1,i,Z,t,E,9
7,q,G,3,b,0,4,8,Q,C,H,V,R,O,5,P,v,1,T,5,l,w
2,2,b,E,4,u,Q,6,b,a,N,w,S,H,P,V,c,D,x,L,C,e
2,6,d,S,o,Y,c,l,w,s,Y,L,M,A,K,D,3,t,p,O,r,4
1,G,x,k,X,l,M,w,M,L,1,o,S,g,5,e,L,P,i,A,z,3
2,t,I,P,7,S,s,R,s,7,v,j,I,c,L,r,U,8,5,W,8,J
0,j,n,s,k,9,H,B,r,a,6,N,M,j,O,2,o,A,N,o,P,Y
0,f,A,0,V,V,W,s,X,O,9,Y,n,A,S,r,z,q,f,m,Y,u
3,M,Z,s,B,d,q,D,r,R,T,J,i,h,T,H,Q,r,O,6,D,q
7,c,0,X,G,5,c,I,J,T,r,r,A,g,E,C,3,U,L,P,i,q
4,o,b,z,F,o,K,o,K,R,H,I,p,h,y,H,z,J,3,5,G,3
2,h,l,m,m,7,s,2,I,C,U,X,0,L,V,I,h,V,F,l,Z,Q
6,A,g,T,A,Q,t,8,X,S,6,j,R,W,i,4,s,X,7,w,4,9
1,z,7,b,1,P,r,1,r,S,l,v,W,R,z,s,W,3,H,O,r,S
4,V,8,S,r,0,9,2,T,q,f,H,k,f,A,A,5,f,X,X,q,G
1,Z,w,d,S,5,x,d,x,E,R,E,P,y,S,F,r,i,d,C,f,h
1,H,B,j,j,2,2,w,z,b,s,c,I,Z,9,s,E,b,5,d,y,f
7,3,s,I,B,H,c,q,h,3,Z,3,N,y,q,H,K,Z,7,F,O,L
3,A,A,2,8,K,Z,v,w,A,U,c,Z,u,O,K,w,y,b,l,J,Q
3,q,7,H,B,O,b,V,c,0,L,8,j,N,e,T,e,5,G,o,f,h
4,n,p,E,f,m,Q,6,Y,u,i,w,W,1,G,p,U,m,a,q,3,F
7,E,Q,0,q,T,o,7,f,W,T,7,D,P,x,m,x,t,S,Y,E,c
4,3,Z,H,C,T,0,c,A,Z,B,I,S,j,O,8,D,G,9,P,n,E
0,o,S,G,x,f,W,S,n,n,O,X,h,D,2,f,K,u,z,2,G,y
2,3,z,g,3,T,c,A,t,W,Q,y,7,J,6,u,p,g,b,U,n,j
2,F,X,C,3,k,0,1,G,6,G,w,6,1,b,m,p,r,j,g,q,S
6,n,V,c,H,L,I,g,Y,5,p,E,2,Y,C,l,8,u,b,c,a,1
0,v,R,2,q,b,8,m,9,W,H,e,Z,5,B,y,C,b,i,m,q,2
4,i,H,N,K,0,t,O,y,Z,P,Y,n,B,U,7,n,G,A,g,p,Q
2,8,g,N,T,5,K,B,p,7,I,j,E,O,Q,o,e,v,X,f,9,N
6,9,9,O,T,Q,X,z,g,j,h,I,Y,A,H,M,y,9,R,y,P,D
0,t,m,w,S,H,i,p,W,x,N,1,2,f,s,o,L,c,F,U,3,B
2,j,k,u,7,t,D,X,c,6,X,o,B,6,M,O,2,h,F,u,q,g
2,w,U,j,U,U,t,k,b,5,l,v,L,K,c,G,K,s,K,q,s,R
0,C,0,X,l,U,L,i,f,J,t,A,g,n,6,Z,N,C,W,2,e,u
7,j,y,3,r,L,J,d,D,Q,Y,2,1,O,g,R,L,C,Z,9,s,D
7,5,7,a,E,4,4,t,K,E,U,Q,E,q,R,u,T,6,G,n,E,B
0,c,1,7,3,m,l,x,p,T,3,d,S,F,R,g,M,O,8,X,P,h
6,v,X,T,e,f,B,L,9,3,D,j,5,I,q,A,W,q,6,O,T,v
5,1,B,l,m,l,2,L,Z,P,m,y,7,T,T,i,A,g,4,7,v,Q
2,f,e,D,d,b,D,5,a,r,a,Y,c,m,6,J,h,F,H,H,w,7
4,t,Z,w,f,g,r,H,O,c,3,m,v,q,Y,l,E,Y,S,v,V,i
3,6,Q,J,p,D,e,2,g,o,2,K,g,a,R,l,e,H,C,D,T,p
2,0,s,x,b,7,7,x,i,Y,e,u,s,S,H,8,c,V,d,a,t,c
4,o,U,H,I,Q,I,B,e,0,L,H,z,Y,f,v,X,N,W,4,Q,M
6,F,B,D,a,R,1,3,s,w,t,i,W,w,G,h,X,1,W,Q,s,P
5,h,e,5,w,2,l,n,U,9,x,7,J,F,h,n,w,c,e,k,X,X
7,4,X,F,H,R,w,l,V,6,O,r,j,E,M,0,A,2,N,C,M,F
5,e,A,W,C,f,y,U,h,Z,t,H,H,t,B,d,N,k,5,6,l,1
3,v,Q,0,G,E,3,m,I,0,d,A,a,x,I,M,Y,e,5,g,7,z
5,y,2,X,q,6,x,c,j,J,b,2,j,V,M,5,4,G,H,K,3,t
6,J,L,8,z,e,S,1,N,m,i,O,f,t,q,Z,T,R,g,d,T,z
1,8,1,b,s,R,P,a,V,X,V,l,U,K,X,r,x,w,Z,f,H,K
5,m,e,0,I,r,g,2,A,N,c,s,g,c,9,3,u,a,Y,r,p,b
1,M,x,q,y,y,3,p,S,j,f,8,k,Z,Z,L,4,Q,V,x,S,0
3,3,S,c,a,d,V,n,b,m,2,X,8,k,k,U,q,O,k,C,6,Z
6,3,y,r,D,8,0,R,Y,3,R,N,E,M,2,Y,D,p,U,p,O,8
7,n,2,Y,c,c,t,7,B,e,i,j,7,D,j,7,m,e,I,4,X,0
7,i,Z,t,Z,y,C,z,p,3,L,I,t,c,w,1,w,t,P,I,3,D
7,r,k,W,8,5,d,B,w,w,r,J,t,l,H,R,D,k,J,D,A,C
5,C,C,w,R,Z,C,6,e,u,C,8,O,d,o,6,y,9,X,8,j,r
1,2,C,h,z,9,8,p,H,F,M,P,J,E,k,n,J,Q,M,W,v,I
0,5,f,G,4,7,3,i,I,a,o,y,8,2,B,F,1,a,G,h,L,8
0,L,c,J,L,q,b,B,m,a,G,U,f,t,1,e,9,M,m,8,H,V
5,Z,s,F,I,1,h,6,h,I,d,Q,R,w,2,t,i,0,h,z,8,1
1,b,A,f,t,S,H,8,u,m,N,c,G,Z,0,u,y,V,7,L,M,g
1,3,y,7,C,g,L,H,j,M,V,R,M,D,q,x,d,x,0,X,d,o
3,I,s,y,6,k,e,d,D,r,g,P,Y,o,T,S,1,d,a,z,A,9
0,Q,H,g,L,1,l,A,I,q,A,w,0,H,t,D,7,Y,l,d,m,P
4,G,v,E,c,3,A,N,t,P,P,j,t,1,Z,J,l,l,r,5,Z,l
7,g,Z,f,n,E,n,f,i,a,H,z,x,A,R,J,2,L,e,X,r,f
2,D,a,x,q,g,r,O,h,k,e,H,0,f,p,e,i,Q,q,2,f,4
6,w,W,V,K,h,x,I,U,2,c,E,i,0,K,8,1,v,7,H,v,P
1,6,o,Z,K,v,X,b,6,W,k,Q,l,V,A,j,w,o,2,W,b,g
0,K,P,X,4,U,c,y,9,d,k,8,2,u,j,4,G,p,K,e,s,n
3,W,G,p,X,C,j,9,Y,h,h,f,X,1,1,T,T,o,Z,c,X,P
4,b,L,2,B,6,h,m,L,l,M,W,n,U,E,Z,n,o,r,E,t,G
2,1,4,5,1,j,1,K,h,j,A,i,a,Y,K,f,l,x,B,j,r,1
5,p,7,f,2,4,R,k,5,H,k,U,Z,s,a,S,3,B,L,G,5,F
3,D,i,D,S,E,C,U,q,q,Y,1,A,u,B,P,8,q,t,a,I,a
6,t,b,j,W,D,E,I,z,x,o,D,s,B,A,1,F,u,h,f,P,W
7,h,J,c,b,9,f,a,4,a,l,z,c,O,q,3,E,a,N,P,o,G
6,n,S,5,r,o,X,S,A,G,h,T,G,r,3,4,W,6,n,7,E,t
4,A,V,F,q,u,m,d,2,o,g,H,F,l,R,b,K,I,j,p,1,t
4,S,c,C,s,w,d,R,l,y,A,2,3,o,d,g,9,t,h,g,I,O
4,N,H,Q,U,G,z,h,t,T,L,F,v,g,F,5,S,Z,e,s,L,K
3,b,8,Q,k,n,e,N,D,z,4,J,H,K,K,K,l,L,g,Y,Z,g
7,D,M,v,e,A,p,C,7,U,n,C,2,N,P,f,P,v,l,H,S,U
1,m,o,x,j,b,o,G,R,7,G,N,W,Y,I,M,W,s,R,j,g,G
4,y,v,c,S,j,f,u,4,P,C,0,C,Y,Q,y,L,y,4,w,S,q
4,b,w,2,A,m,3,p,9,j,i,3,m,Y,s,X,N,X,t,Q,c,d
6,X,p,a,I,B,N,i,V,z,I,e,t,E,P,C,W,D,v,A,F,P
0,E,F,i,s,Y,R,i,2,0,P,T,A,D,o,J,r,i,f,H,r,z
0,N,G,A,Z,x,H,a,n,S,9,e,0,i,N,H,p,R,8,f,2,W
6,j,G,M,q,4,y,G,s,7,a,Q,z,u,G,s,M,g,V,g,Z,R
1,a,n,y,V,h,U,6,2,p,3,1,K,F,i,8,M,E,z,k,b,f
4,s,T,Q,V,O,f,p,9,v,E,M,C,e,m,L,w,5,0,s,b,u
3,o,S,J,7,T,B,V,C,W,M,D,M,i,Y,j,X,N,i,C,K,E
1,l,8,F,u,6,I,k,u,T,P,0,U,5,Q,e,t,Q,J,5,X,t
2,1,E,3,w,a,R,s,m,P,l,U,7,j,Z,s,S,1,3,r,c,j
1,l,7,Z,s,J,R,R,S,8,w,l,W,3,W,f,J,f,P,f,N,S
7,1,6,N,h,G,Y,q,D,1,j,l,2,w,I,1,Q,k,g,q,3,6
4,S,s,V,b,p,T,t,h,j,S,c,T,S,7,U,2,h,m,r,1,X
4,I,V,A,b,R,2,w,4,J,J,N,J,D,D,R,F,P,3,E,8,3
1,F,f,b,6,e,j,R,6,F,e,5,I,a,m,q,A,5,o,R,U,F
1,g,P,h,S,1,z,i,s,y,X,r,5,d,H,T,Y,Z,y,i,M,e
7,g,O,d,H,g,I,o,I,K,o,e,4,i,9,T,t,a,6,q,d,D
1,H,s,d,z,j,7,D,l,q,2,I,7,t,H,P,7,5,0,1,T,4
2,E,M,A,n,M,v,W,E,2,e,b,5,6,T,o,J,V,f,C,W,s
1,0,e,x,V,j,a,0,k,e,y,0,u,q,U,k,k,6,L,J,R,T
6,s,q,1,y,F,0,O,Z,E,W,A,4,x,o,X,V,K,W,1,L,9
3,h,c,s,9,u,c,5,6,y,I,G,F,C,S,y,9,l,e,W,e,7
1,G,D,b,i,v,3,s,p,R,m,Z,1,X,d,M,1,j,Q,b,T,7
1,w,Z,t,k,T,h,i,X,b,V,N,t,j,6,h,e,e,6,d,z,9
3,B,m,G,t,n,K,g,C,S,G,Y,I,U,h,m,i,v,X,K,W,X
0,Y,C,1,9,2,c,P,3,K,P,C,R,W,x,8,z,r,8,M,f,Z
2,L,I,k,9,0,7,8,8,K,0,z,v,y,j,2,J,J,V,w,k,J
7,g,u,D,J,r,E,f,X,3,q,b,6,F,E,b,d,P,A,5,q,i
2,D,l,G,x,z,Q,S,j,Y,e,5,N,6,G,9,n,k,Y,g,h,R
1,p,Q,W,s,Z,Q,e,h,h,S,4,w,a,v,w,h,7,F,n,x,d
0,c,G,U,m,4,5,n,v,7,Z,6,M,6,q,d,X,Y,Q,G,T,X
7,l,t,D,V,B,r,6,m,K,b,R,v,o,h,x,h,e,J,9,h,1
6,x,2,L,n,l,l,R,G,5,u,G,a,r,Z,M,s,D,4,i,O,8
1,w,5,K,f,o,2,j,w,w,I,P,r,u,Y,S,2,U,W,h,5,6
6,k,A,C,V,P,f,C,O,n,q,z,g,f,E,F,5,r,y,l,0,x
1,4,z,U,H,a,J,Z,o,1,m,n,Y,t,n,6,I,B,R,a,R,P
3,T,O,q,t,5,o,J,w,L,9,B,E,2,N,G,9,M,E,w,D,a
4,E,z,k,u,v,e,R,9,p,L,v,D,V,F,N,x,6,f,o,Y,D
0,A,0,F,S,0,4,o,6,z,M,o,t,o,8,O,K,P,s,D,w,Y
4,G,a,1,P,7,P,M,I,s,m,q,E,Z,q,h,Y,Z,Q,g,D,o
6,Q,1,9,2,D,X,o,t,x,t,a,y,s,a,q,N,P,y,5,y,R
5,6,o,D,R,n,q,b,I,i,w,x,4,m,y,m,N,E,v,7,d,S
1,c,N,D,P,5,y,j,U,5,v,j,e,R,8,q,M,f,4,g,r,g
3,w,y,V,r,V,r,F,C,k,u,k,j,d,V,I,d,i,r,G,V,Y
3,6,0,I,A,l,y,V,v,4,P,C,E,V,j,g,y,M,Z,r,x,K
0,Z,E,D,1,X,z,w,l,L,H,W,4,Z,a,G,4,l,O,T,6,m
1,q,t,o,4,h,H,i,d,1,P,7,1,e,m,I,6,F,d,8,x,i
6,n,x,W,C,V,X,b,O,l,E,V,R,e,x,S,b,L,s,T,e,r
6,z,F,Y,q,v,1,m,O,s,g,B,R,Q,b,a,e,3,J,J,9,e
6,L,q,N,N,2,2,k,T,3,0,7,4,X,b,T,V,U,r,h,z,X
5,h,d,h,H,g,p,x,y,n,i,o,o,U,i,Q,V,a,P,x,Q,0
1,z,N,q,Q,N,I,d,e,O,U,Z,H,b,8,z,b,Z,R,F,M,X
0,z,4,g,v,V,4,r,j,I,Z,9,w,H,c,k,6,7,u,c,S,V
5,r,S,X,S,A,k,Z,6,7,P,Y,J,S,v,p,U,p,k,O,r,7
6,D,P,Y,i,y,q,5,k,W,V,Q,S,4,R,G,w,x,z,P,C,7
7,d,3,W,F,R,M,E,3,v,B,Y,2,c,g,o,P,3,8,R,D,o
3,F,f,v,Y,s,E,G,a,I,b,5,2,Q,P,X,h,g,4,D,c,H
0,E,C,w,F,t,b,I,W,E,V,N,w,j,l,r,f,c,6,x,o,L
2,Z,0,l,R,I,q,r,9,9,7,l,I,U,i,P,t,r,p,K,C,r
3,j,K,9,M,i,C,r,A,4,2,l,L,A,d,M,G,U,Z,p,w,a
3,M,H,a,V,0,5,u,0,i,o,8,f,Q,b,Z,2,X,P,t,l,C
2,y,s,n,w,x,x,N,t,S,g,b,b,9,t,1,m,2,U,r,4,j
2,x,i,I,X,s,e,I,J,c,q,3,n,G,7,C,8,f,H,e,B,j
6,f,W,V,d,5,7,N,K,T,a,l,q,v,m,j,R,d,2,t,8,Z
7,z,5,W,F,j,Z,A,I,Y,e,j,W,y,0,N,I,5,l,v,4,T
0,n,m,Q,I,M,X,W,T,X,f,h,g,O,B,d,N,z,h,G,O,s
5,C,i,G,n,K,T,h,u,5,c,t,n,9,p,B,x,v,7,D,G,a
7,f,5,Z,g,n,p,2,s,p,U,u,u,z,K,p,l,m,R,k,t,7
3,K,V,3,p,5,E,Y,4,A,v,K,x,O,l,h,G,H,O,R,L,g
4,S,9,E,y,k,W,X,h,S,t,S,c,1,5,w,E,x,8,Q,F,K
7,s,l,f,e,Z,O,9,L,s,J,b,W,g,p,k,I,o,X,B,U,J
2,g,s,g,g,k,z,M,5,R,4,9,q,6,j,p,P,v,a,z,o,u
6,y,d,o,S,d,3,N,2,m,w,g,w,B,H,t,F,6,K,7,e,X
3,Y,7,R,Z,3,1,T,R,P,V,a,d,S,F,V,y,1,o,8,o,s
4,w,L,X,w,x,D,e,W,Q,8,m,t,U,I,R,P,x,G,i,D,6
7,7,A,i,F,E,V,e,A,V,j,2,O,R,p,C,8,5,Q,V,J,s
3,F,U,Y,2,g,z,H,e,I,i,a,e,s,X,t,O,A,d,B,7,A
5,z,c,t,I,4,w,O,9,X,S,K,S,8,X,w,c,n,q,E,H,k
2,0,w,k,V,L,u,t,q,V,O,Y,r,c,0,k,x,F,s,7,r,A
2,g,B,j,L,m,x,6,z,Q,n,F,G,Q,J,C,A,Q,p,R,g,w
3,h,v,9,j,J,F,3,a,d,D,N,s,B,S,I,Q,D,q,c,j,p
5,7,L,Y,z,L,E,k,2,L,c,F,g,h,V,w,u,W,b,c,u,S
2,5,u,4,w,H,J,W,x,C,A,9,v,O,0,C,z,x,A,b,K,7
4,5,d,k,T,j,5,s,M,R,S,j,r,m,B,S,B,e,i,H,y,m
4,a,X,X,D,j,9,a,Z,n,l,s,h,x,7,m,z,j,3,W,1,N
3,Z,0,2,h,B,L,u,b,J,x,u,F,J,f,h,a,c,L,S,D,c
0,e,e,c,d,v,M,r,q,B,f,t,K,0,M,1,V,K,h,a,F,4
0,S,f,s,n,G,y,D,8,F,p,I,N,4,U,4,W,C,k,B,Z,5
1,7,l,z,Z,A,2,A,l,O,H,w,C,w,F,A,L,H,t,t,m,p
2,i,o,j,n,B,L,j,0,q,I,M,i,K,P,v,V,h,L,n,s,H
3,Q,S,Q,F,m,c,c,m,X,8,1,f,W,C,U,S,P,T,S,7,y
4,9,t,Q,o,2,Q,U,L,n,o,7,g,x,H,u,t,g,c,c,q,F
6,c,E,u,C,E,Z,u,7,P,A,E,9,Z,S,z,L,L,c,2,o,Q
2,6,A,H,t,b,j,W,K,i,w,Y,z,s,o,G,o,U,Z,q,5,3
7,K,M,q,k,s,f,0,U,M,d,y,A,0,U,C,f,4,R,3,u,x
4,v,h,N,D,a,5,y,c,K,0,S,T,9,6,8,e,k,7,k,R,r
4,E,P,J,l,U,E,B,y,4,9,E,X,1,w,u,F,O,v,t,j,K
6,P,X,S,4,Y,H,D,k,K,v,l,1,w,k,I,l,4,V,8,D,L
3,k,o,i,L,j,N,r,g,R,T,N,b,O,w,V,i,D,i,p,e,A
2,r,h,F,z,F,m,e,z,p,n,W,8,2,M,N,q,E,K,V,r,y
5,Z,S,2,2,3,C,6,J,y,B,f,X,a,s,X,x,r,R,q,O,k
2,L,R,o,I,w,l,K,m,H,j,g,v,i,g,d,N,G,B,H,N,o
0,e,H,Q,9,o,5,0,h,j,6,Z,D,N,B,t,6,Y,s,1,s,D
4,W,N,5,n,a,L,3,o,f,x,r,V,B,g,F,p,g,u,z,K,o
3,t,2,i,K,O,D,S,D,y,z,o,D,J,w,7,A,s,D,9,9,u
5,I,c,R,3,N,7,Q,B,1,j,6,K,B,L,8,e,I,m,Z,8,m
6,y,J,C,x,e,e,7,Q,u,m,Y,r,8,2,0,x,d,I,s,j,o
4,Q,6,n,I,c,a,B,E,D,8,q,U,e,l,8,b,B,x,6,C,r
2,0,g,s,E,N,n,p,o,s,V,s,2,I,4,r,Q,5,k,v,r,f
1,I,u,e,X,O,Q,y,A,B,r,M,O,p,r,r,z,w,Q,J,W,N
4,D,d,k,R,B,B,Y,G,6,Y,k,9,K,a,8,t,d,J,9,B,W
2,5,u,i,P,m,T,g,1,6,R,b,h,Z,W,A,q,w,L,B,y,5
0,U,W,Z,U,m,n,7,s,y,b,x,M,C,q,r,w,9,t,G,a,7
4,5,e,N,H,d,i,i,a,b,v,m,b,p,4,e,r,w,2,6,r,g
4,Y,L,t,s,c,X,s,x,b,V,g,i,0,3,1,o,v,D,D,d,h
6,m,d,i,A,m,A,T,A,x,7,3,k,d,x,r,N,r,n,l,a,o
2,H,P,a,U,g,q,e,u,t,z,r,3,j,x,5,a,9,W,y,D,V
0,Z,C,O,8,o,V,k,M,j,8,9,7,c,K,g,F,H,7,f,R,W
1,U,1,e,l,3,k,5,4,V,v,E,U,z,o,3,y,b,L,P,l,M
4,9,b,z,E,5,v,R,B,R,I,o,t,a,4,q,e,H,t,Q,M,8
0,G,M,7,q,g,c,R,C,O,R,p,G,n,f,c,N,2,t,C,i,B
1,D,x,L,C,y,H,4,2,y,a,H,K,G,K,3,c,l,5,b,v,G
1,U,T,P,B,m,N,b,X,N,T,i,t,t,y,M,J,r,N,k,v,w
0,E,r,z,C,p,I,M,y,L,c,j,P,i,w,T,4,e,l,r,t,Z
0,r,v,j,q,X,7,t,t,X,e,g,3,m,T,y,8,X,s,c,b,t
7,g,A,p,p,W,o,H,7,p,c,Y,m,p,h,C,V,T,X,k,z,s
2,M,R,B,D,r,0,c,r,H,W,E,5,J,w,P,c,e,F,n,c,q
0,V,R,j,0,y,C,O,v,2,F,X,J,N,P,4,7,X,Q,n,x,5
6,r,o,F,d,X,1,y,5,B,Y,S,b,p,6,0,O,T,J,W,M,d
2,w,k,o,K,E,f,S,6,d,X,w,T,h,b,y,T,n,Z,W,F,U
7,m,n,B,L,X,K,8,2,3,v,N,x,N,3,U,W,B,7,G,f,z
7,A,n,4,y,v,F,7,h,D,Y,D,o,l,N,4,m,5,z,K,B,p
2,K,s,P,6,t,Y,L,J,l,T,B,v,S,U,x,n,w,l,V,W,a
5,r,G,r,D,v,r,L,O,V,2,V,V,8,S,C,F,V,G,W,l,j
5,p,U,o,3,f,m,m,H,T,8,b,h,C,y,H,E,5,2,h,A,6
2,k,R,f,q,P,V,i,C,q,Y,d,S,G,h,Y,S,M,9,R,0,Q
4,7,M,p,M,s,U,f,W,t,g,y,I,I,B,E,F,O,r,4,F,E
6,s,F,I,W,s,N,p,Z,Y,q,f,j,U,p,a,C,g,u,e,j,u
0,x,R,X,C,c,S,X,8,9,e,o,b,f,r,s,h,S,V,d,y,u
4,k,Y,G,A,K,2,z,u,9,E,A,o,m,w,j,3,h,X,k,X,y
6,i,c,Q,O,A,F,X,D,Z,K,s,u,m,w,3,Y,X,y,u,s,w
2,o,Q,X,8,Q,i,M,X,O,y,u,q,b,c,Z,E,F,s,Z,f,m
1,M,I,V,X,f,7,4,S,Z,H,m,T,I,p,4,V,4,p,a,H,4
6,C,w,f,u,x,I,q,c,l,t,X,D,G,j,f,Z,s,M,d,9,A
0,H,3,9,M,d,G,G,X,6,d,b,n,n,Q,P,t,6,N,Q,k,Z
2,W,X,2,u,T,c,s,v,V,5,O,n,S,0,i,n,A,C,e,c,P
1,G,9,G,7,W,w,r,X,k,a,3,Z,1,r,7,a,I,D,j,I,7
5,T,Y,x,Z,T,j,I,P,q,K,M,8,K,8,N,u,P,9,w,o,O
1,m,X,1,T,W,K,p,N,x,D,S,A,H,1,6,L,g,D,f,i,R
4,O,B,J,L,u,a,l,3,0,L,7,g,R,l,5,U,k,e,R,c,T
5,5,f,h,W,P,v,D,i,M,p,L,n,E,4,Z,z,N,X,Z,y,W
7,4,K,M,7,9,T,i,u,V,K,e,V,C,q,s,8,Q,t,B,0,B
3,g,r,H,W,M,9,b,x,2,E,9,v,w,J,C,d,l,R,v,9,O
7,v,X,D,A,I,8,J,w,j,W,5,3,1,o,u,M,G,b,f,c,p
5,d,H,t,1,v,c,E,m,9,q,b,8,f,C,y,L,c,B,3,H,L
1,Y,8,c,d,N,m,U,J,H,7,y,B,T,d,9,y,O,v,r,5,i
4,S,T,H,E,a,N,w,4,m,P,Z,2,t,z,h,e,o,h,g,X,B
6,P,A,t,5,5,8,Z,E,Z,l,0,D,m,d,X,l,n,j,M,g,D
0,N,b,f,K,E,O,T,Q,C,c,w,d,6,o,7,w,S,D,O,H,I
3,c,j,E,q,q,e,l,V,9,z,b,4,B,Y,E,3,q,D,Q,4,O
4,1,X,1,T,R,6,h,r,K,8,Q,2,Z,C,p,p,2,E,q,C,z
7,0,c,R,Z,d,Q,y,w,n,S,F,p,9,p,n,c,2,W,T,C,E
1,9,r,a,5,t,S,w,0,t,W,u,f,v,U,p,8,G,o,t,L,o
5,y,G,7,Z,A,Z,a,f,V,a,A,l,M,T,e,B,y,b,K,A,L
1,s,B,k,R,I,s,s,r,M,s,1,A,b,V,k,O,J,b,c,7,a
4,m,6,u,b,h,N,s,d,w,F,4,p,s,N,f,3,R,8,k,w,R
5,B,t,H,c,i,L,0,e,0,z,O,P,7,p,r,I,H,n,3,p,P
4,Q,Q,g,X,k,C,Y,T,t,3,B,l,E,N,z,h,y,N,E,T,g
5,K,N,N,V,g,R,6,L,B,I,A,B,R,I,o,m,y,C,w,K,J
2,x,8,v,G,4,f,0,H,Y,X,z,M,E,o,3,x,N,s,o,i,I
3,G,m,5,F,9,5,V,d,R,x,W,3,m,q,C,n,8,R,P,B,J
0,L,5,f,C,7,O,g,m,2,Y,w,g,q,V,C,R,c,F,1,b,T
1,h,z,f,o,8,t,w,X,d,O,e,g,F,3,x,i,r,e,C,Y,s
4,G,s,o,3,d,4,C,s,c,C,i,j,v,0,l,m,a,j,Z,W,s
3,y,Y,2,g,U,c,I,s,j,M,r,8,h,j,o,5,1,P,o,J,8
3,N,P,p,F,N,Z,t,S,T,H,h,e,N,B,a,W,C,8,2,r,B
2,c,P,q,d,H,7,X,M,v,w,a,B,J,E,V,j,h,e,H,8,g
5,v,B,S,r,E,1,x,u,j,D,2,F,X,Y,R,a,r,b,A,X,c
7,7,6,U,o,8,4,5,n,Y,H,J,p,N,a,S,t,v,1,D,s,4
2,u,Y,W,x,i,l,O,V,l,U,d,k,4,o,V,9,D,v,w,q,K
4,R,x,n,7,I,m,3,L,G,f,y,R,k,Y,2,F,l,H,h,W,i
2,j,w,7,0,G,Z,X,l,A,I,8,Q,z,W,e,Y,2,b,g,R,c
3,a,Q,e,K,Q,S,y,r,W,4,q,W,r,3,5,i,d,m,0,c,y
5,n,d,k,K,3,d,p,Z,L,K,t,B,k,l,K,j,x,N,Q,w,T
2,H,c,w,F,j,N,e,l,S,4,9,k,F,b,f,v,M,x,Q,Y,w
2,3,T,F,H,m,a,j,V,f,B,t,l,R,x,5,M,X,q,g,o,z
1,6,5,Z,g,P,l,L,k,K,7,b,f,5,b,D,o,F,c,6,S,b
4,4,N,X,2,f,f,I,Y,H,r,6,D,4,n,7,R,a,Z,F,7,A
1,p,P,m,I,T,o,K,X,y,G,d,s,C,F,6,L,m,q,L,m,I
6,D,g,P,9,o,t,n,Z,w,5,z,6,d,a,O,n,t,I,N,x,p
5,0,J,J,S,q,H,U,f,2,R,Q,9,x,s,H,s,0,K,M,H,g
6,T,5,t,f,h,Q,C,k,n,K,G,4,U,n,H,9,0,q,G,n,z
0,e,l,W,F,r,7,T,W,8,p,i,i,l,V,R,Y,J,U,e,4,P
7,0,B,Y,F,d,a,Z,b,E,K,b,e,a,u,J,6,7,0,y,s,I
2,d,0,h,y,o,Q,5,y,n,D,B,n,k,v,A,b,J,K,O,R,j
6,K,Z,D,X,t,S,j,0,S,z,G,O,V,7,0,5,n,N,e,h,3
4,6,g,y,X,j,R,I,v,N,1,N,L,1,e,C,B,8,G,B,x,o
7,e,L,c,D,Z,D,Y,H,X,Z,C,e,b,t,Q,m,V,F,L,2,5
4,Y,X,y,c,R,b,y,y,A,E,0,w,o,z,T,k,7,Q,M,E,q
2,o,X,4,2,q,P,5,i,n,e,K,3,h,r,h,B,E,C,L,m,j
3,q,v,c,C,P,2,J,0,f,W,i,0,m,0,u,Q,D,U,f,6,r
2,c,n,M,p,R,s,O,V,q,t,P,M,f,q,7,Y,i,F,E,6,K
7,3,j,B,y,n,j,s,V,t,o,f,j,R,p,d,p,R,A,J,G,k
3,l,0,C,m,X,0,F,u,Q,j,F,x,r,8,S,K,7,V,q,a,g
1,h,6,C,n,3,P,4,N,G,z,X,b,a,X,i,d,q,U,R,X,s
1,d,A,B,G,u,k,g,Z,8,X,K,K,O,d,d,2,r,V,S,H,M
3,M,c,i,i,5,X,W,f,6,E,0,l,r,Y,3,U,k,y,4,c,A
4,q,B,g,v,V,o,g,0,w,z,W,7,5,I,Q,4,8,m,U,7,v
1,Q,A,J,q,y,2,d,A,3,i,h,H,B,F,I,H,R,p,h,Z,j
2,y,8,J,o,9,C,K,h,J,v,t,f,e,K,O,s,Y,z,R,d,T
3,o,2,d,n,2,O,0,F,C,V,s,W,D,F,S,h,8,q,x,g,G
0,C,E,F,C,o,8,2,8,8,k,Q,U,7,m,J,i,2,5,s,6,E
4,f,9,i,B,m,d,U,O,h,Q,W,e,P,7,d,c,A,n,1,p,f
7,I,l,R,N,X,H,j,o,O,C,g,E,A,W,N,5,q,Y,k,s,g
4,B,x,C,u,X,F,J,r,S,W,G,i,1,K,H,c,V,q,a,U,4
2,t,x,H,h,y,C,w,H,j,U,E,p,J,j,W,r,E,y,q,y,X
5,X,J,D,e,x,m,W,F,L,W,O,k,j,O,E,j,O,V,X,3,e
5,a,2,E,a,R,3,h,a,m,o,e,n,G,9,r,D,u,V,n,8,j
0,u,6,G,t,i,b,W,4,6,t,F,X,7,k,o,Q,6,u,N,J,Z
1,E,X,j,X,Q,p,D,x,2,p,R,O,y,g,h,8,z,v,H,s,4
3,S,z,7,Z,n,J,Q,B,I,H,s,X,L,U,S,o,0,O,Q,t,M
3,u,w,A,m,6,v,Q,y,7,k,W,P,S,2,b,c,i,K,W,x,9
4,7,m,I,J,d,H,O,R,y,R,e,r,p,4,o,s,8,1,3,j,D
3,9,y,V,o,q,m,6,s,Y,F,v,v,q,F,1,R,c,i,U,V,f
6,A,S,r,i,4,e,P,R,7,R,l,s,v,I,Q,g,W,P,J,p,S
3,7,2,3,0,B,x,x,Y,s,9,k,s,S,7,O,k,Z,w,3,I,U
0,0,X,h,e,x,l,J,E,X,Q,s,t,H,i,m,p,Z,N,9,1,0
6,u,o,t,h,x,M,W,e,L,W,I,h,s,G,e,F,7,c,y,o,4
0,G,O,x,7,2,r,5,A,A,E,K,R,G,Q,F,n,3,x,q,X,K
1,z,4,g,3,D,j,T,B,B,Z,K,h,v,A,r,o,F,l,h,O,M
2,1,m,K,p,7,D,q,t,S,N,H,h,C,A,U,2,u,g,v,U,w
0,7,X,S,N,3,s,P,l,I,l,B,2,L,2,X,N,c,T,w,J,w
4,Q,V,B,Y,i,a,g,I,a,a,6,Z,G,S,P,M,b,y,b,p,y
2,7,T,0,3,0,e,W,y,C,Q,R,m,D,y,u,v,r,1,k,x,Y
6,C,1,o,h,J,r,d,5,V,y,d,i,g,Q,t,a,G,y,5,W,a
2,S,r,S,d,S,v,p,m,i,n,q,m,S,t,G,E,L,C,S,N,d
2,0,q,I,S,v,A,h,X,2,0,d,p,I,b,O,O,z,G,K,3,q
6,Z,L,T,l,h,e,j,h,n,d,I,4,R,h,5,3,v,Y,h,r,Y
7,n,w,U,J,B,m,0,H,E,4,Z,x,D,3,f,5,c,y,5,o,k
4,r,T,v,3,E,j,c,7,h,K,M,t,m,o,B,O,K,1,B,4,T
0,Y,i,n,U,Q,5,0,Q,D,B,7,Z,x,S,C,L,y,Q,4,0,k
1,C,o,Z,y,I,x,7,U,v,d,x,T,5,c,8,U,k,M,z,H,d
5,x,S,x,2,F,M,8,m,Q,n,r,f,g,M,1,Q,s,H,n,i,B
6,D,I,S,6,P,R,r,L,S,3,w,b,n,Z,s,f,7,v,Y,i,c
2,1,W,S,9,w,n,g,s,9,A,q,F,c,k,K,7,y,Y,J,P,M
6,l,t,z,s,m,Q,Q,b,m,d,o,H,H,b,L,Z,4,Z,N,2,5
3,t,J,o,F,z,t,H,e,I,J,k,J,W,M,r,x,0,t,d,2,f
1,a,c,k,d,5,X,p,r,Z,E,k,H,3,M,c,K,b,Q,D,5,1
2,Z,R,Q,c,I,g,z,P,C,V,a,T,9,X,K,h,X,Z,I,z,h
0,M,e,L,M,J,J,c,o,u,Y,X,C,y,m,Q,S,H,P,n,8,g
3,2,v,W,C,b,Z,h,0,x,Z,4,o,9,g,k,z,4,P,s,E,U
4,l,D,i,J,c,O,J,2,G,L,C,K,6,p,9,q,5,B,g,f,K
7,H,k,d,Q,0,g,t,5,3,L,P,4,z,m,H,s,L,0,n,a,p
2,R,d,w,B,S,P,Q,i,w,c,m,i,D,o,9,k,i,x,c,l,8
7,j,e,f,I,I,k,s,O,i,1,E,a,z,g,R,T,f,W,2,P,k
0,a,1,g,H,P,0,H,A,q,A,L,b,E,y,x,a,D,5,N,g,n
2,P,5,s,C,9,c,V,Z,D,T,o,P,x,y,o,m,z,F,1,U,H
3,A,V,f,m,a,w,z,u,8,3,s,p,9,4,Q,W,7,C,E,G,m
1,l,2,e,k,x,5,s,k,C,4,g,J,H,8,d,j,E,R,w,h,1
3,A,p,U,X,1,o,6,o,S,z,3,2,1,M,M,E,C,y,I,Y,d
5,E,v,F,s,r,3,k,j,4,2,K,N,v,9,7,Z,E,n,q,i,j
7,0,k,k,d,a,j,c,t,X,S,b,q,S,M,J,b,Q,O,4,2,4
5,D,U,l,e,f,C,L,z,V,R,z,N,W,a,N,U,R,T,F,p,K
5,j,4,H,e,C,o,U,l,z,h,f,W,t,j,A,f,M,1,a,c,R
3,q,n,G,v,p,P,8,Y,t,h,1,A,q,S,B,M,q,O,N,5,x
6,1,q,D,o,t,n,j,M,0,j,n,Y,5,l,k,f,O,P,7,v,e
6,B,r,v,o,w,Z,B,r,e,E,k,X,z,J,Q,M,p,L,1,7,4
5,g,O,J,T,I,4,T,u,s,S,E,N,i,z,x,h,c,G,7,j,B
4,P,z,Y,K,h,C,1,4,s,T,J,N,E,r,0,d,z,o,o,0,d
6,7,n,w,j,3,Y,5,s,Z,Q,L,l,7,2,V,N,U,H,E,Y,E
0,Q,8,N,c,s,J,w,o,C,b,Z,O,H,H,W,6,3,s,u,5,S
3,R,G,L,h,K,1,I,P,9,j,n,Y,F,H,4,B,R,F,J,B,S
2,M,u,5,N,f,y,Y,m,8,n,5,i,T,o,m,u,K,A,E,H,l
4,o,f,C,B,o,y,E,i,G,S,e,P,F,A,G,5,0,0,x,e,v
4,e,h,t,J,n,V,u,m,N,f,6,x,z,S,C,D,k,8,a,L,B
2,a,y,N,S,o,K,P,C,R,A,f,j,p,6,h,Q,7,6,h,R,u
6,M,P,C,F,v,O,Q,v,5,c,I,G,f,w,3,j,O,D,M,F,0
6,w,9,T,o,X,5,s,l,Z,4,u,I,d,m,D,1,7,h,J,3,c
1,5,i,V,A,t,D,3,s,3,F,s,Q,R,4,w,1,v,6,M,0,P
3,R,t,N,N,1,V,n,o,o,W,E,n,3,K,Q,k,0,3,D,U,L
5,3,A,0,W,3,U,0,s,8,d,i,E,n,9,R,h,X,Q,h,V,z
3,E,i,L,U,e,y,E,c,A,6,f,b,R,P,S,H,k,G,5,k,b
6,c,K,3,N,B,O,6,u,P,7,h,h,0,o,y,u,V,E,L,F,l
0,N,W,b,w,D,Z,Y,1,V,k,R,q,F,a,f,u,Q,m,6,w,k
3,Y,b,O,S,x,o,8,5,k,l,a,7,R,I,D,8,u,g,n,W,3
2,m,x,e,0,T,n,a,N,L,0,3,9,y,s,A,j,5,1,x,P,Q
4,D,7,5,G,c,N,G,9,5,e,b,P,t,N,v,o,N,V,X,h,z
0,x,O,e,V,M,O,z,2,f,V,g,5,B,J,Y,3,N,6,a,k,T
5,x,d,2,T,g,7,Z,o,8,7,5,5,e,C,y,8,G,x,k,p,8
0,7,Q,E,u,h,t,r,N,m,m,Z,0,z,E,c,q,E,9,S,F,6
4,p,e,j,U,c,4,i,c,i,Q,f,g,d,X,6,O,K,u,l,Q,n
6,G,I,5,2,t,8,N,5,F,0,2,M,x,U,0,g,5,U,6,9,P
1,H,w,M,5,z,l,C,5,q,N,W,h,J,t,M,0,0,y,X,z,G
6,A,U,l,0,y,k,L,L,p,v,T,k,t,o,b,9,7,x,9,h,O
4,y,i,Q,Z,8,t,Q,P,u,x,8,c,P,r,i,Y,M,W,U,F,P
3,K,e,d,x,a,r,m,B,C,y,F,B,e,v,n,q,Q,H,y,3,P
2,D,s,p,E,s,T,7,U,X,G,K,d,2,V,a,a,e,d,g,G,4
6,f,x,y,W,r,f,m,j,c,b,j,5,d,1,2,g,X,e,i,N,V
0,9,a,g,I,J,M,x,C,D,2,k,8,7,y,s,9,A,l,0,f,0
2,Y,O,Y,u,a,8,F,p,u,d,S,E,i,B,9,s,8,8,I,g,Q
7,x,8,n,K,0,m,0,c,P,2,k,s,Q,f,0,m,j,W,d,P,S
2,J,c,4,A,E,e,B,T,E,4,7,K,w,u,K,g,Y,O,t,c,L
5,J,M,L,G,5,6,F,1,X,5,m,F,m,W,N,m,S,0,i,A,p
7,p,F,e,B,z,X,6,2,7,f,f,0,V,n,N,6,b,x,P,R,4
0,C,b,e,G,1,2,2,4,F,S,5,8,E,U,x,4,t,P,e,v,Z
5,Z,q,7,R,5,q,m,i,5,8,B,y,Y,y,B,Q,T,l,N,u,k
5,l,p,H,0,x,A,S,4,f,V,f,L,k,A,C,g,9,D,A,u,M
1,b,q,x,d,q,v,U,t,P,W,Z,r,i,4,3,c,K,H,a,c,8
1,j,f,n,M,u,D,B,l,5,O,a,A,o,U,0,V,w,L,D,8,m
0,R,q,t,S,I,Y,Z,m,d,4,f,i,B,K,V,F,q,y,I,q,D
4,f,x,d,5,E,e,7,U,e,f,O,4,C,U,X,g,w,J,7,I,P
6,4,t,N,s,m,6,T,n,Z,e,2,z,p,c,M,V,M,O,o,H,L
3,w,h,u,H,q,0,y,G,x,6,0,a,t,v,A,2,R,C,V,R,W
4,R,S,y,J,z,f,7,e,f,6,I,u,2,r,n,L,d,a,b,N,q
6,t,1,g,p,x,Y,b,Y,8,O,l,L,A,7,D,2,R,i,i,k,Q
3,r,I,Z,M,v,9,r,y,s,U,7,J,k,L,z,E,a,C,5,J,p
5,M,o,u,C,g,6,t,a,7,z,A,x,s,f,M,E,b,c,1,u,h
3,w,c,j,1,1,K,7,7,L,j,E,Y,1,P,k,E,a,z,f,f,a
5,e,4,D,h,z,v,4,2,6,E,v,Q,e,3,a,D,b,6,4,j,L
7,u,a,I,m,6,P,w,7,x,p,l,S,8,D,y,0,6,V,6,p,T
3,Y,c,B,F,2,t,t,y,u,e,y,t,p,X,t,E,z,n,1,Z,a
5,Y,3,M,V,9,D,Z,0,d,8,7,N,n,V,m,5,6,q,S,Y,1
0,T,y,6,3,c,e,o,R,n,n,J,K,V,E,Y,P,0,V,Q,p,k
0,0,m,e,4,K,e,1,L,s,v,M,x,t,5,k,y,d,l,M,y,U
6,T,L,w,D,7,H,P,W,u,i,O,z,v,X,E,a,3,o,C,N,e
2,N,d,e,V,5,r,L,m,4,7,x,A,v,o,g,X,r,Y,h,J,X
7,v,4,i,m,S,0,m,o,S,y,G,d,X,y,L,g,V,T,I,V,7
6,m,U,8,u,c,e,z,z,m,s,5,I,2,k,N,H,6,H,N,l,u
1,m,X,A,h,K,n,Z,E,d,F,6,r,o,t,y,y,d,4,G,B,i
5,7,v,W,I,m,R,4,3,h,4,C,a,D,a,o,0,1,2,O,f,p
5,8,w,X,m,y,n,H,a,A,W,I,5,h,w,l,P,Z,P,3,q,L
3,4,v,5,M,V,K,e,Q,n,I,o,0,C,W,Y,M,b,b,r,P,f
6,M,F,9,f,z,B,m,f,X,g,h,A,z,9,5,3,c,z,m,B,C
3,r,1,7,A,f,J,C,C,U,q,C,9,L,f,0,O,A,c,7,3,G
2,S,H,h,f,s,4,B,i,D,x,G,Q,3,o,x,q,f,0,U,H,Y
1,R,B,z,G,O,6,N,m,3,u,y,h,U,S,x,P,7,E,D,W,O
2,3,w,E,W,D,2,1,D,4,T,P,Y,i,J,u,g,o,X,m,Y,b
2,8,u,J,n,u,5,E,s,r,G,m,l,2,t,B,d,7,y,8,t,s
3,F,l,1,V,1,9,t,m,j,t,5,7,o,B,d,x,X,K,A,j,J
3,C,D,o,R,p,o,r,v,S,j,d,z,T,r,m,9,9,a,3,g,i
6,S,0,d,m,V,V,n,4,u,d,v,p,p,D,h,Z,I,W,x,C,r
6,H,a,4,a,E,S,3,9,Q,i,V,j,R,0,L,2,l,w,u,w,q
2,U,Z,I,A,O,l,r,n,y,Z,m,y,z,t,1,n,u,X,r,9,y
2,S,q,r,0,D,X,o,a,Y,A,B,b,j,B,o,9,H,a,M,k,M
6,w,P,h,S,q,R,t,P,u,1,U,h,R,C,D,X,5,y,a,D,J
4,X,i,6,L,S,f,F,q,v,2,6,X,g,P,9,N,K,N,2,6,U
6,n,2,8,c,9,q,s,9,h,N,G,r,i,N,a,7,2,b,2,6,u
0,e,8,6,y,P,d,C,4,1,P,G,R,k,L,p,2,Q,1,B,p,h
5,l,K,Z,W,d,6,H,i,S,C,L,f,n,D,G,r,q,9,R,A,m
2,Q,W,I,S,c,p,F,D,N,x,m,S,6,Z,E,M,I,U,v,g,m
7,x,e,M,7,V,5,9,c,A,1,X,8,G,K,y,K,K,Q,V,8,7
4,R,V,n,A,U,3,5,W,R,W,r,a,6,O,Z,3,C,b,b,M,A
2,m,p,e,l,j,B,i,g,2,I,X,L,X,R,A,F,O,9,A,A,s
2,T,1,a,U,i,b,q,R,2,Q,C,2,s,I,N,I,D,Q,O,A,K
5,s,c,h,N,I,z,W,d,I,9,g,J,1,Q,R,K,8,S,B,n,c
6,4,a,J,Y,y,r,X,l,j,O,o,d,n,U,G,6,j,v,h,R,D
6,W,Y,7,D,3,j,k,8,z,T,r,H,t,m,k,q,q,o,5,G,I
2,c,y,1,z,P,c,r,F,c,X,A,J,T,P,0,A,P,W,e,w,L
3,g,M,a,N,L,Q,m,7,D,9,M,o,r,n,N,I,L,z,d,S,l
5,9,P,M,o,e,Y,M,K,4,U,6,7,Y,Y,z,V,W,Z,G,o,i
3,H,q,S,L,M,A,Z,3,g,3,d,5,p,o,N,a,I,7,G,O,U
5,n,k,i,7,y,R,h,x,g,M,5,0,9,M,5,A,D,l,N,1,p
4,B,Y,x,q,V,k,Z,y,F,j,t,i,k,7,c,r,Y,L,g,5,Q
6,U,B,A,1,5,s,l,I,u,a,d,J,8,h,2,l,P,R,P,o,s
2,I,D,L,D,x,2,5,H,U,1,n,Q,M,K,d,e,4,n,6,1,a
3,C,j,l,H,N,t,p,l,J,y,T,f,9,n,p,x,a,P,l,5,w
6,D,d,3,N,S,c,H,W,w,n,W,6,o,b,M,F,b,l,1,B,H
2,C,v,C,y,f,1,g,E,V,h,I,0,m,X,6,a,F,X,m,V,I
0,h,a,Z,h,u,4,f,F,K,t,0,A,g,9,4,k,Z,D,i,z,2
1,t,q,h,s,Y,v,8,y,B,B,d,w,A,N,F,N,z,H,t,c,r
0,D,x,e,a,L,n,v,6,S,y,Y,k,2,D,O,q,k,L,O,8,c
3,E,O,E,K,5,7,C,V,7,7,D,4,o,v,Y,V,c,m,i,y,t
6,U,S,v,9,q,h,C,n,6,z,f,x,l,B,Q,I,Y,J,9,q,s
1,n,z,g,t,K,Y,F,c,k,z,n,k,c,V,M,R,3,G,g,4,z
6,A,d,9,1,J,o,f,8,N,i,i,w,0,l,G,L,L,i,3,N,W
2,x,7,P,C,7,8,T,m,g,q,p,E,I,j,a,G,A,Z,0,O,z
2,p,4,F,q,H,n,a,z,R,u,c,Y,Q,H,y,D,C,d,B,r,J
0,8,F,3,Y,3,S,c,t,I,l,s,O,E,m,K,d,6,d,n,H,8
7,G,1,G,B,h,o,K,t,E,P,n,P,8,6,X,2,P,v,E,Y,O
4,7,z,z,7,s,o,b,9,N,U,c,O,D,y,0,B,T,D,v,K,x
7,i,W,i,A,D,5,L,L,K,y,i,o,x,2,g,r,g,f,m,U,T
1,T,t,X,n,W,c,U,s,0,F,C,k,a,Z,D,P,G,Y,H,d,f
0,E,e,Q,B,l,Q,J,F,i,A,f,J,e,V,N,2,v,T,9,s,0
6,P,v,v,G,c,C,Y,2,X,t,U,c,S,R,l,d,1,W,i,l,r
2,B,T,Z,I,q,w,0,n,t,H,9,M,v,i,l,Q,3,e,w,N,Y
1,l,6,d,0,R,I,x,T,L,3,J,y,t,l,L,G,v,W,z,Y,e
1,z,u,J,e,6,b,1,r,o,i,x,E,K,M,O,t,y,r,E,a,k
1,W,g,X,q,y,2,D,d,7,0,Q,Q,O,U,7,A,y,0,7,4,N
2,C,I,M,Q,H,i,r,S,U,0,M,Q,q,y,Y,H,q,0,e,O,x
1,3,s,a,Z,p,Z,n,C,D,W,O,I,9,D,4,I,J,h,p,1,f
4,7,z,7,Z,r,g,F,o,B,v,V,p,C,n,E,l,C,E,3,Z,h
5,K,K,p,B,U,5,e,C,2,t,J,D,z,f,0,w,m,l,R,p,2
4,x,n,i,h,x,c,o,X,W,K,3,U,q,r,y,O,S,n,b,w,5
4,s,b,X,X,F,z,E,W,J,Y,2,z,s,Z,j,e,l,e,r,j,X
1,X,k,o,F,8,r,y,A,r,s,8,6,L,Z,v,F,O,k,b,y,r
0,8,5,p,c,2,P,Y,O,i,8,b,G,K,j,0,P,N,j,e,k,A
7,j,d,F,E,Y,D,2,L,T,Y,j,f,w,x,O,d,l,V,j,m,c
1,3,Z,E,D,W,6,v,y,B,F,1,2,H,Y,c,Z,R,r,4,E,V
7,o,P,g,C,Q,q,M,M,X,E,X,r,N,a,u,5,v,x,Y,Z,P
6,Q,t,g,P,S,J,P,S,z,c,n,n,7,d,P,Z,4,V,I,N,p
4,Q,F,G,9,K,r,G,W,E,b,r,6,h,N,A,5,8,C,A,q,E
2,A,M,4,i,l,v,6,U,z,W,0,u,M,R,u,q,K,t,D,g,N
2,z,i,B,7,f,z,r,X,B,o,h,1,H,U,P,S,6,s,V,F,n
7,z,2,a,v,K,u,u,i,M,A,T,4,X,Z,J,F,v,8,R,v,h
6,4,t,J,2,E,A,v,1,R,6,U,a,Z,q,c,4,i,O,C,y,j
4,t,v,K,z,5,6,T,r,3,9,b,k,h,c,Q,U,T,O,0,X,r
1,3,Y,m,W,Q,J,F,w,g,Z,r,d,4,b,f,5,I,j,M,Y,4
4,9,C,E,2,f,f,Z,6,Z,3,z,e,Y,S,D,a,u,S,K,c,k
1,h,C,k,S,J,c,X,R,E,h,r,o,d,e,I,H,Q,d,a,v,8
2,5,t,M,Q,O,r,I,U,4,L,l,U,o,6,S,v,8,v,5,S,E
5,g,z,n,A,T,M,V,O,8,5,Z,c,L,T,k,E,9,U,L,U,7
2,A,f,m,f,G,F,b,e,0,A,0,W,s,T,Y,m,0,S,D,T,x
0,O,N,H,k,A,v,9,p,C,A,F,x,b,0,z,J,w,D,N,T,y
1,v,q,R,1,7,I,v,8,V,F,d,z,u,r,e,1,T,A,X,E,q
7,n,D,s,S,0,l,5,Z,A,z,M,e,d,V,R,K,P,P,8,F,1
4,1,q,i,l,2,V,a,G,b,D,1,9,4,g,a,E,c,m,m,y,x
5,g,C,R,A,p,T,a,j,q,w,b,n,H,H,P,b,r,2,F,p,i
2,K,C,9,Q,b,6,0,E,a,Y,0,k,W,4,e,H,6,8,v,r,3
2,c,W,Z,O,O,z,e,O,m,4,W,m,B,J,R,n,D,5,R,7,I
5,6,Z,T,g,z,P,B,D,g,e,0,O,v,C,G,g,M,O,3,O,Y
2,W,a,w,2,s,S,b,q,v,A,w,K,8,N,w,A,C,N,j,V,o
5,V,o,1,h,n,C,R,m,C,M,6,M,4,t,h,Z,C,I,n,C,j
1,a,w,0,C,d,l,1,D,I,r,t,U,r,U,A,6,f,G,b,A,R
2,O,3,v,9,r,C,T,z,L,h,P,F,a,G,a,A,V,g,Z,L,t
4,L,c,U,p,N,l,X,F,E,l,e,a,L,l,e,l,m,k,v,2,R
7,L,m,r,b,6,K,c,I,z,f,k,m,g,b,t,o,k,j,s,A,L
4,u,5,s,m,J,B,s,k,I,6,A,d,z,v,0,8,P,u,i,U,P
4,A,K,w,R,a,r,l,m,s,U,l,L,j,I,w,t,3,8,N,L,w
3,O,s,R,A,K,C,v,k,3,7,z,w,Y,c,n,z,R,f,5,X,F
5,Y,5,T,R,r,Q,i,q,g,U,O,4,S,3,6,t,z,j,I,R,Z
2,F,w,J,w,E,s,w,y,I,U,A,l,j,q,g,j,N,S,H,g,P
3,A,l,R,i,y,j,M,y,w,T,V,N,z,T,c,H,b,f,9,Q,T
0,v,L,u,O,i,2,k,6,2,s,H,u,j,I,f,p,l,I,n,l,K
2,p,1,f,i,Y,H,Y,i,X,z,9,q,i,0,J,J,y,x,B,z,N
1,L,O,B,7,j,T,e,E,V,1,4,p,H,a,i,6,E,X,S,z,F
6,z,v,u,l,5,2,x,w,T,W,z,i,l,B,Z,l,6,B,U,b,T
1,W,7,F,N,i,b,L,a,0,O,0,b,5,7,2,t,B,2,w,7,t
5,c,I,c,3,S,B,F,u,B,L,V,x,J,z,5,8,W,2,t,U,9
6,h,f,w,w,p,X,q,Z,P,R,C,9,C,s,K,I,7,q,t,v,1
1,w,G,I,h,Y,k,K,W,S,q,4,y,A,C,t,T,k,C,k,S,X
5,V,a,d,K,1,h,a,v,L,h,K,1,O,p,K,Y,s,X,v,9,y
5,S,u,l,O,4,l,4,0,q,D,u,V,9,z,U,G,L,Z,x,7,n
1,D,b,5,G,s,I,o,V,W,Y,k,t,P,o,D,2,n,n,P,Z,Z
1,Q,p,5,6,T,7,n,9,5,0,O,3,E,G,M,s,S,l,8,1,D
6,g,K,1,U,c,t,5,F,E,d,a,U,W,R,W,p,U,4,C,l,2
3,E,A,9,h,V,I,z,K,f,F,i,Q,I,0,K,i,k,z,2,w,o
4,y,B,K,7,5,W,V,C,Q,X,e,j,1,p,0,4,G,W,q,x,H
3,J,s,M,j,0,D,E,z,y,W,c,0,V,D,l,H,u,y,9,B,x
6,o,B,m,8,H,B,0,y,f,r,I,c,9,I,H,b,x,s,6,i,n
6,8,k,E,u,y,F,K,y,q,r,d,Q,Q,L,L,s,m,i,a,t,m
2,x,9,S,p,q,n,P,i,8,r,l,E,9,p,j,H,B,w,m,S,C
2,k,x,P,0,7,D,L,g,s,4,x,l,W,z,8,Y,H,l,v,f,h
5,W,5,b,D,N,C,q,J,1,j,b,C,g,T,x,D,D,0,C,b,3
1,v,S,N,1,f,s,v,r,z,p,b,t,t,O,Y,G,s,l,i,D,r
2,8,j,8,l,B,W,D,d,D,S,H,S,S,t,5,o,P,l,s,X,2
1,S,h,Z,Z,U,j,k,b,X,C,j,h,w,r,b,1,8,B,A,8,I
3,v,A,a,W,h,d,B,R,3,8,Q,0,2,o,h,X,q,a,N,H,T
6,t,z,R,Z,3,9,a,Z,l,N,q,l,U,z,Q,l,k,u,h,D,V
0,n,9,4,v,C,3,S,9,c,3,m,b,2,H,y,N,A,O,c,j,g
0,1,Q,T,I,T,5,P,1,p,F,P,3,Q,n,n,F,S,d,s,J,f
1,V,B,f,l,Y,y,x,B,h,n,D,c,9,u,V,i,b,9,8,r,w
6,u,Y,r,X,g,V,H,c,t,A,J,t,I,d,S,O,D,c,y,L,J
2,e,4,n,w,i,X,8,Z,C,U,0,9,L,G,L,O,p,e,q,T,H
1,I,N,u,L,Z,X,j,j,V,b,c,J,R,y,W,v,D,1,i,S,q
1,a,S,x,M,h,u,v,i,x,Z,8,h,9,d,K,9,j,I,D,w,L
6,o,g,n,9,n,e,c,m,b,U,d,C,p,p,m,N,n,G,O,d,i
1,4,p,V,k,F,U,H,D,L,2,0,7,L,z,L,H,t,S,A,1,8
1,b,j,5,G,r,c,L,o,m,5,g,Z,F,F,5,t,9,4,9,X,l
4,t,M,m,1,d,U,6,G,n,0,4,V,A,Z,9,C,l,H,c,I,Z
0,X,K,O,B,t,5,9,c,r,n,t,r,7,H,Q,X,X,O,8,Y,z
3,3,W,1,p,n,W,9,z,S,c,Z,t,Y,T,n,A,o,W,n,O,T
7,s,f,g,q,E,d,o,e,B,T,j,d,8,l,Q,s,P,T,3,C,y
0,M,I,n,K,J,q,Z,s,c,E,e,N,c,5,K,3,K,0,m,k,E
3,R,q,B,e,V,1,2,T,t,7,A,8,x,H,3,z,B,D,D,U,F
